﻿<?xml version="1.0" encoding="utf-8" ?>
<hibernate-configuration xmlns="urn:nhibernate-configuration-2.2">
  <session-factory>
    <property name="connection.provider">
      NHibernate.Connection.DriverConnectionProvider
    </property>
    <property name="connection.driver_class">
      NHibernate.Driver.MySqlDataDriver
    </property>
    <property name="connection.connection_string">
      Server=localhost;Database=fixmi;User ID=root;Password=;
    </property>
    <property name="dialect">
      NHibernate.Dialect.MySQL5Dialect
    </property>
    <property name='proxyfactory.factory_class'>NHibernate.ByteCode.LinFu.ProxyFactoryFactory, NHibernate.ByteCode.LinFu</property>
    <mapping assembly="FixMi.Framework" />
  </session-factory>
</hibernate-configuration>
